dataset,architecture,seed,epoch,layer,criterion,criterion_group,previous_epoch,spearman,topk_jaccard,topk_ratio
MNIST,medium,44,2,a1,activation_variance,baseline,1,0.5639793802526665,0.5625,0.05
MNIST,medium,44,2,a1,activation_variance,baseline,1,0.5639793802526665,0.6190476190476191,0.1
MNIST,medium,44,2,a1,activation_variance,baseline,1,0.5639793802526665,0.45714285714285713,0.2
MNIST,medium,44,2,a2,activation_variance,baseline,1,0.6677629668625268,0.3333333333333333,0.05
MNIST,medium,44,2,a2,activation_variance,baseline,1,0.6677629668625268,0.7857142857142857,0.1
MNIST,medium,44,2,a2,activation_variance,baseline,1,0.6677629668625268,0.5,0.2
MNIST,medium,44,2,a3,activation_variance,baseline,1,0.7703711367791586,0.5,0.05
MNIST,medium,44,2,a3,activation_variance,baseline,1,0.7703711367791586,1.0,0.1
MNIST,medium,44,2,a3,activation_variance,baseline,1,0.7703711367791586,0.6129032258064516,0.2
MNIST,medium,44,2,a4,activation_variance,baseline,1,0.7780677655677656,0.2,0.05
MNIST,medium,44,2,a4,activation_variance,baseline,1,0.7780677655677656,0.2,0.1
MNIST,medium,44,2,a4,activation_variance,baseline,1,0.7780677655677656,0.4117647058823529,0.2
MNIST,medium,44,2,a1,class_selectivity,loss_free,1,0.6961170686151429,0.5151515151515151,0.05
MNIST,medium,44,2,a1,class_selectivity,loss_free,1,0.6961170686151429,0.6190476190476191,0.1
MNIST,medium,44,2,a1,class_selectivity,loss_free,1,0.6961170686151429,0.4782608695652174,0.2
MNIST,medium,44,2,a2,class_selectivity,loss_free,1,0.7782391173613843,0.3333333333333333,0.05
MNIST,medium,44,2,a2,class_selectivity,loss_free,1,0.7782391173613843,0.7857142857142857,0.1
MNIST,medium,44,2,a2,class_selectivity,loss_free,1,0.7782391173613843,0.59375,0.2
MNIST,medium,44,2,a3,class_selectivity,loss_free,1,0.7474872389795963,0.5,0.05
MNIST,medium,44,2,a3,class_selectivity,loss_free,1,0.7474872389795963,1.0,0.1
MNIST,medium,44,2,a3,class_selectivity,loss_free,1,0.7474872389795963,0.6666666666666666,0.2
MNIST,medium,44,2,a4,class_selectivity,loss_free,1,0.570558608058608,0.5,0.05
MNIST,medium,44,2,a4,class_selectivity,loss_free,1,0.570558608058608,0.5,0.1
MNIST,medium,44,2,a4,class_selectivity,loss_free,1,0.570558608058608,0.4117647058823529,0.2
MNIST,medium,44,2,a1,firing_rate,baseline,1,0.6575246650811903,0.7857142857142857,0.05
MNIST,medium,44,2,a1,firing_rate,baseline,1,0.6575246650811903,0.6721311475409836,0.1
MNIST,medium,44,2,a1,firing_rate,baseline,1,0.6575246650811903,0.5338345864661654,0.2
MNIST,medium,44,2,a2,firing_rate,baseline,1,0.7391642080147381,0.3333333333333333,0.05
MNIST,medium,44,2,a2,firing_rate,baseline,1,0.7391642080147381,0.7857142857142857,0.1
MNIST,medium,44,2,a2,firing_rate,baseline,1,0.7391642080147381,0.7,0.2
MNIST,medium,44,2,a3,firing_rate,baseline,1,0.8403596945326767,0.5,0.05
MNIST,medium,44,2,a3,firing_rate,baseline,1,0.8403596945326767,0.7142857142857143,0.1
MNIST,medium,44,2,a3,firing_rate,baseline,1,0.8403596945326767,0.6666666666666666,0.2
MNIST,medium,44,2,a4,firing_rate,baseline,1,0.8427029317035079,1.0,0.05
MNIST,medium,44,2,a4,firing_rate,baseline,1,0.8427029317035079,0.7142857142857143,0.1
MNIST,medium,44,2,a4,firing_rate,baseline,1,0.8427029317035079,0.5,0.2
MNIST,medium,44,2,a1,hebbian,loss_free,1,0.5931859299317409,0.5151515151515151,0.05
MNIST,medium,44,2,a1,hebbian,loss_free,1,0.5931859299317409,0.6190476190476191,0.1
MNIST,medium,44,2,a1,hebbian,loss_free,1,0.5931859299317409,0.48905109489051096,0.2
MNIST,medium,44,2,a2,hebbian,loss_free,1,0.6921177949184311,0.4117647058823529,0.05
MNIST,medium,44,2,a2,hebbian,loss_free,1,0.6921177949184311,0.7857142857142857,0.1
MNIST,medium,44,2,a2,hebbian,loss_free,1,0.6921177949184311,0.6721311475409836,0.2
MNIST,medium,44,2,a3,hebbian,loss_free,1,0.8255832623856061,0.7142857142857143,0.05
MNIST,medium,44,2,a3,hebbian,loss_free,1,0.8255832623856061,1.0,0.1
MNIST,medium,44,2,a3,hebbian,loss_free,1,0.8255832623856061,0.6666666666666666,0.2
MNIST,medium,44,2,a4,hebbian,loss_free,1,0.8581043956043956,1.0,0.05
MNIST,medium,44,2,a4,hebbian,loss_free,1,0.8581043956043956,0.3333333333333333,0.1
MNIST,medium,44,2,a4,hebbian,loss_free,1,0.8581043956043956,0.5,0.2
MNIST,medium,44,2,a1,mean_activation,baseline,1,0.5717052623989165,0.6129032258064516,0.05
MNIST,medium,44,2,a1,mean_activation,baseline,1,0.5717052623989165,0.59375,0.1
MNIST,medium,44,2,a1,mean_activation,baseline,1,0.5717052623989165,0.4676258992805755,0.2
MNIST,medium,44,2,a2,mean_activation,baseline,1,0.6699912232547611,0.4117647058823529,0.05
MNIST,medium,44,2,a2,mean_activation,baseline,1,0.6699912232547611,0.7857142857142857,0.1
MNIST,medium,44,2,a2,mean_activation,baseline,1,0.6699912232547611,0.5692307692307692,0.2
MNIST,medium,44,2,a3,mean_activation,baseline,1,0.8303569419165803,0.5,0.05
MNIST,medium,44,2,a3,mean_activation,baseline,1,0.8303569419165803,1.0,0.1
MNIST,medium,44,2,a3,mean_activation,baseline,1,0.8303569419165803,0.5625,0.2
MNIST,medium,44,2,a4,mean_activation,baseline,1,0.8549450549450549,0.5,0.05
MNIST,medium,44,2,a4,mean_activation,baseline,1,0.8549450549450549,0.5,0.1
MNIST,medium,44,2,a4,mean_activation,baseline,1,0.8549450549450549,0.4117647058823529,0.2
MNIST,medium,44,2,a1,output_weight_norm,baseline,1,0.9277251883990799,0.7857142857142857,0.05
MNIST,medium,44,2,a1,output_weight_norm,baseline,1,0.9277251883990799,0.8214285714285714,0.1
MNIST,medium,44,2,a1,output_weight_norm,baseline,1,0.9277251883990799,0.6062992125984252,0.2
MNIST,medium,44,2,a2,output_weight_norm,baseline,1,0.8689037823300526,0.4117647058823529,0.05
MNIST,medium,44,2,a2,output_weight_norm,baseline,1,0.8689037823300526,0.42857142857142855,0.1
MNIST,medium,44,2,a2,output_weight_norm,baseline,1,0.8689037823300526,0.6190476190476191,0.2
MNIST,medium,44,2,a3,output_weight_norm,baseline,1,0.9181354147592016,0.7142857142857143,0.05
MNIST,medium,44,2,a3,output_weight_norm,baseline,1,0.9181354147592016,0.7142857142857143,0.1
MNIST,medium,44,2,a3,output_weight_norm,baseline,1,0.9181354147592016,0.6666666666666666,0.2
MNIST,medium,44,2,a4,output_weight_norm,baseline,1,0.9597069597069597,0.5,0.05
MNIST,medium,44,2,a4,output_weight_norm,baseline,1,0.9597069597069597,1.0,0.1
MNIST,medium,44,2,a4,output_weight_norm,baseline,1,0.9597069597069597,0.7142857142857143,0.2
MNIST,medium,44,2,a1,redundancy,loss_free,1,0.7625909590074482,0.35135135135135137,0.05
MNIST,medium,44,2,a1,redundancy,loss_free,1,0.7625909590074482,0.45714285714285713,0.1
MNIST,medium,44,2,a1,redundancy,loss_free,1,0.7625909590074482,0.43661971830985913,0.2
MNIST,medium,44,2,a2,redundancy,loss_free,1,0.8031249501968056,0.7142857142857143,0.05
MNIST,medium,44,2,a2,redundancy,loss_free,1,0.8031249501968056,0.35135135135135137,0.1
MNIST,medium,44,2,a2,redundancy,loss_free,1,0.8031249501968056,0.5223880597014925,0.2
MNIST,medium,44,2,a3,redundancy,loss_free,1,0.733024606289782,0.5,0.05
MNIST,medium,44,2,a3,redundancy,loss_free,1,0.733024606289782,0.6,0.1
MNIST,medium,44,2,a3,redundancy,loss_free,1,0.733024606289782,0.35135135135135137,0.2
MNIST,medium,44,2,a4,redundancy,loss_free,1,0.6986464514119608,0.2,0.05
MNIST,medium,44,2,a4,redundancy,loss_free,1,0.6986464514119608,0.5,0.1
MNIST,medium,44,2,a4,redundancy,loss_free,1,0.6986464514119608,0.3333333333333333,0.2
MNIST,medium,44,3,a1,activation_variance,baseline,2,0.5797781253858216,0.5151515151515151,0.05
MNIST,medium,44,3,a1,activation_variance,baseline,2,0.5797781253858216,0.6190476190476191,0.1
MNIST,medium,44,3,a1,activation_variance,baseline,2,0.5797781253858216,0.4782608695652174,0.2
MNIST,medium,44,3,a2,activation_variance,baseline,2,0.6057937077352595,0.6,0.05
MNIST,medium,44,3,a2,activation_variance,baseline,2,0.6057937077352595,0.8518518518518519,0.1
MNIST,medium,44,3,a2,activation_variance,baseline,2,0.6057937077352595,0.5,0.2
MNIST,medium,44,3,a3,activation_variance,baseline,2,0.6513848113883686,0.5,0.05
MNIST,medium,44,3,a3,activation_variance,baseline,2,0.6513848113883686,0.8461538461538461,0.1
MNIST,medium,44,3,a3,activation_variance,baseline,2,0.6513848113883686,0.5625,0.2
MNIST,medium,44,3,a4,activation_variance,baseline,2,0.6923076923076923,0.5,0.05
MNIST,medium,44,3,a4,activation_variance,baseline,2,0.6923076923076923,0.3333333333333333,0.1
MNIST,medium,44,3,a4,activation_variance,baseline,2,0.6923076923076923,0.4117647058823529,0.2
MNIST,medium,44,3,a1,class_selectivity,loss_free,2,0.688077905142474,0.6129032258064516,0.05
MNIST,medium,44,3,a1,class_selectivity,loss_free,2,0.688077905142474,0.6190476190476191,0.1
MNIST,medium,44,3,a1,class_selectivity,loss_free,2,0.688077905142474,0.5223880597014925,0.2
MNIST,medium,44,3,a2,class_selectivity,loss_free,2,0.7494424333179264,0.6,0.05
MNIST,medium,44,3,a2,class_selectivity,loss_free,2,0.7494424333179264,0.8518518518518519,0.1
MNIST,medium,44,3,a2,class_selectivity,loss_free,2,0.7494424333179264,0.5454545454545454,0.2
MNIST,medium,44,3,a3,class_selectivity,loss_free,2,0.6668383734468231,0.5,0.05
MNIST,medium,44,3,a3,class_selectivity,loss_free,2,0.6668383734468231,0.8461538461538461,0.1
MNIST,medium,44,3,a3,class_selectivity,loss_free,2,0.6668383734468231,0.5151515151515151,0.2
MNIST,medium,44,3,a4,class_selectivity,loss_free,2,0.5896978021978022,0.2,0.05
MNIST,medium,44,3,a4,class_selectivity,loss_free,2,0.5896978021978022,0.5,0.1
MNIST,medium,44,3,a4,class_selectivity,loss_free,2,0.5896978021978022,0.3333333333333333,0.2
MNIST,medium,44,3,a1,firing_rate,baseline,2,0.6244288797398265,0.6129032258064516,0.05
MNIST,medium,44,3,a1,firing_rate,baseline,2,0.6244288797398265,0.59375,0.1
MNIST,medium,44,3,a1,firing_rate,baseline,2,0.6244288797398265,0.4676258992805755,0.2
MNIST,medium,44,3,a2,firing_rate,baseline,2,0.732285994519544,0.6,0.05
MNIST,medium,44,3,a2,firing_rate,baseline,2,0.732285994519544,0.9230769230769231,0.1
MNIST,medium,44,3,a2,firing_rate,baseline,2,0.732285994519544,0.6721311475409836,0.2
MNIST,medium,44,3,a3,firing_rate,baseline,2,0.8699041579796757,0.7142857142857143,0.05
MNIST,medium,44,3,a3,firing_rate,baseline,2,0.8699041579796757,0.8461538461538461,0.1
MNIST,medium,44,3,a3,firing_rate,baseline,2,0.8699041579796757,0.6666666666666666,0.2
MNIST,medium,44,3,a4,firing_rate,baseline,2,0.7880054033843267,0.5,0.05
MNIST,medium,44,3,a4,firing_rate,baseline,2,0.7880054033843267,0.7142857142857143,0.1
MNIST,medium,44,3,a4,firing_rate,baseline,2,0.7880054033843267,0.7142857142857143,0.2
MNIST,medium,44,3,a1,hebbian,loss_free,2,0.58480849006289,0.5151515151515151,0.05
MNIST,medium,44,3,a1,hebbian,loss_free,2,0.58480849006289,0.6190476190476191,0.1
MNIST,medium,44,3,a1,hebbian,loss_free,2,0.58480849006289,0.4676258992805755,0.2
MNIST,medium,44,3,a2,hebbian,loss_free,2,0.6440898988418358,0.7142857142857143,0.05
MNIST,medium,44,3,a2,hebbian,loss_free,2,0.6440898988418358,0.9230769230769231,0.1
MNIST,medium,44,3,a2,hebbian,loss_free,2,0.6440898988418358,0.6190476190476191,0.2
MNIST,medium,44,3,a3,hebbian,loss_free,2,0.8160339298089471,0.7142857142857143,0.05
MNIST,medium,44,3,a3,hebbian,loss_free,2,0.8160339298089471,0.8461538461538461,0.1
MNIST,medium,44,3,a3,hebbian,loss_free,2,0.8160339298089471,0.6129032258064516,0.2
MNIST,medium,44,3,a4,hebbian,loss_free,2,0.7843406593406593,0.5,0.05
MNIST,medium,44,3,a4,hebbian,loss_free,2,0.7843406593406593,0.5,0.1
MNIST,medium,44,3,a4,hebbian,loss_free,2,0.7843406593406593,0.6,0.2
MNIST,medium,44,3,a1,mean_activation,baseline,2,0.5716984816565905,0.5625,0.05
MNIST,medium,44,3,a1,mean_activation,baseline,2,0.5716984816565905,0.6190476190476191,0.1
MNIST,medium,44,3,a1,mean_activation,baseline,2,0.5716984816565905,0.45714285714285713,0.2
MNIST,medium,44,3,a2,mean_activation,baseline,2,0.61278878233287,0.6,0.05
MNIST,medium,44,3,a2,mean_activation,baseline,2,0.61278878233287,0.9230769230769231,0.1
MNIST,medium,44,3,a2,mean_activation,baseline,2,0.61278878233287,0.5692307692307692,0.2
MNIST,medium,44,3,a3,mean_activation,baseline,2,0.7948167614568392,0.5,0.05
MNIST,medium,44,3,a3,mean_activation,baseline,2,0.7948167614568392,0.8461538461538461,0.1
MNIST,medium,44,3,a3,mean_activation,baseline,2,0.7948167614568392,0.6666666666666666,0.2
MNIST,medium,44,3,a4,mean_activation,baseline,2,0.738415750915751,0.2,0.05
MNIST,medium,44,3,a4,mean_activation,baseline,2,0.738415750915751,0.5,0.1
MNIST,medium,44,3,a4,mean_activation,baseline,2,0.738415750915751,0.6,0.2
MNIST,medium,44,3,a1,output_weight_norm,baseline,2,0.9650158143646789,0.9230769230769231,0.05
MNIST,medium,44,3,a1,output_weight_norm,baseline,2,0.9650158143646789,0.7586206896551724,0.1
MNIST,medium,44,3,a1,output_weight_norm,baseline,2,0.9650158143646789,0.7435897435897436,0.2
MNIST,medium,44,3,a2,output_weight_norm,baseline,2,0.9201512073701076,0.7142857142857143,0.05
MNIST,medium,44,3,a2,output_weight_norm,baseline,2,0.9201512073701076,0.6666666666666666,0.1
MNIST,medium,44,3,a2,output_weight_norm,baseline,2,0.9201512073701076,0.6451612903225806,0.2
MNIST,medium,44,3,a3,output_weight_norm,baseline,2,0.9417917963742904,0.7142857142857143,0.05
MNIST,medium,44,3,a3,output_weight_norm,baseline,2,0.9417917963742904,0.7142857142857143,0.1
MNIST,medium,44,3,a3,output_weight_norm,baseline,2,0.9417917963742904,0.8518518518518519,0.2
MNIST,medium,44,3,a4,output_weight_norm,baseline,2,0.9690018315018315,0.5,0.05
MNIST,medium,44,3,a4,output_weight_norm,baseline,2,0.9690018315018315,1.0,0.1
MNIST,medium,44,3,a4,output_weight_norm,baseline,2,0.9690018315018315,0.8461538461538461,0.2
MNIST,medium,44,3,a1,redundancy,loss_free,2,0.7742581809272612,0.3157894736842105,0.05
MNIST,medium,44,3,a1,redundancy,loss_free,2,0.7742581809272612,0.5454545454545454,0.1
MNIST,medium,44,3,a1,redundancy,loss_free,2,0.7742581809272612,0.5813953488372093,0.2
MNIST,medium,44,3,a2,redundancy,loss_free,2,0.8327998880059215,0.4117647058823529,0.05
MNIST,medium,44,3,a2,redundancy,loss_free,2,0.8327998880059215,0.5625,0.1
MNIST,medium,44,3,a2,redundancy,loss_free,2,0.8327998880059215,0.6451612903225806,0.2
MNIST,medium,44,3,a3,redundancy,loss_free,2,0.7614240153777552,0.5,0.05
MNIST,medium,44,3,a3,redundancy,loss_free,2,0.7614240153777552,0.4117647058823529,0.1
MNIST,medium,44,3,a3,redundancy,loss_free,2,0.7614240153777552,0.5625,0.2
MNIST,medium,44,3,a4,redundancy,loss_free,2,0.7333806672262662,0.0,0.05
MNIST,medium,44,3,a4,redundancy,loss_free,2,0.7333806672262662,0.2,0.1
MNIST,medium,44,3,a4,redundancy,loss_free,2,0.7333806672262662,0.5,0.2
MNIST,medium,44,4,a1,activation_variance,baseline,3,0.6136027398137102,0.5151515151515151,0.05
MNIST,medium,44,4,a1,activation_variance,baseline,3,0.6136027398137102,0.6721311475409836,0.1
MNIST,medium,44,4,a1,activation_variance,baseline,3,0.6136027398137102,0.43661971830985913,0.2
MNIST,medium,44,4,a2,activation_variance,baseline,3,0.7623656596438638,0.7142857142857143,0.05
MNIST,medium,44,4,a2,activation_variance,baseline,3,0.7623656596438638,0.6666666666666666,0.1
MNIST,medium,44,4,a2,activation_variance,baseline,3,0.7623656596438638,0.59375,0.2
MNIST,medium,44,4,a3,activation_variance,baseline,3,0.7822049377546894,0.5,0.05
MNIST,medium,44,4,a3,activation_variance,baseline,3,0.7822049377546894,0.7142857142857143,0.1
MNIST,medium,44,4,a3,activation_variance,baseline,3,0.7822049377546894,0.5151515151515151,0.2
MNIST,medium,44,4,a4,activation_variance,baseline,3,0.7732600732600733,0.5,0.05
MNIST,medium,44,4,a4,activation_variance,baseline,3,0.7732600732600733,0.7142857142857143,0.1
MNIST,medium,44,4,a4,activation_variance,baseline,3,0.7732600732600733,0.7142857142857143,0.2
MNIST,medium,44,4,a1,class_selectivity,loss_free,3,0.7170422472328274,0.5151515151515151,0.05
MNIST,medium,44,4,a1,class_selectivity,loss_free,3,0.7170422472328274,0.7288135593220338,0.1
MNIST,medium,44,4,a1,class_selectivity,loss_free,3,0.7170422472328274,0.4782608695652174,0.2
MNIST,medium,44,4,a2,class_selectivity,loss_free,3,0.7923191881840932,0.7142857142857143,0.05
MNIST,medium,44,4,a2,class_selectivity,loss_free,3,0.7923191881840932,0.7857142857142857,0.1
MNIST,medium,44,4,a2,class_selectivity,loss_free,3,0.7923191881840932,0.5692307692307692,0.2
MNIST,medium,44,4,a3,class_selectivity,loss_free,3,0.7981507243824132,0.5,0.05
MNIST,medium,44,4,a3,class_selectivity,loss_free,3,0.7981507243824132,1.0,0.1
MNIST,medium,44,4,a3,class_selectivity,loss_free,3,0.7981507243824132,0.47058823529411764,0.2
MNIST,medium,44,4,a4,class_selectivity,loss_free,3,0.7361263736263737,0.5,0.05
MNIST,medium,44,4,a4,class_selectivity,loss_free,3,0.7361263736263737,0.3333333333333333,0.1
MNIST,medium,44,4,a4,class_selectivity,loss_free,3,0.7361263736263737,0.4117647058823529,0.2
MNIST,medium,44,4,a1,firing_rate,baseline,3,0.6095740570764311,0.6129032258064516,0.05
MNIST,medium,44,4,a1,firing_rate,baseline,3,0.6095740570764311,0.6451612903225806,0.1
MNIST,medium,44,4,a1,firing_rate,baseline,3,0.6095740570764311,0.48905109489051096,0.2
MNIST,medium,44,4,a2,firing_rate,baseline,3,0.7943804208523497,0.7142857142857143,0.05
MNIST,medium,44,4,a2,firing_rate,baseline,3,0.7943804208523497,0.7857142857142857,0.1
MNIST,medium,44,4,a2,firing_rate,baseline,3,0.7943804208523497,0.7288135593220338,0.2
MNIST,medium,44,4,a3,firing_rate,baseline,3,0.919546973949683,0.5,0.05
MNIST,medium,44,4,a3,firing_rate,baseline,3,0.919546973949683,0.7142857142857143,0.1
MNIST,medium,44,4,a3,firing_rate,baseline,3,0.919546973949683,0.7857142857142857,0.2
MNIST,medium,44,4,a4,firing_rate,baseline,3,0.8990899204984968,0.5,0.05
MNIST,medium,44,4,a4,firing_rate,baseline,3,0.8990899204984968,0.7142857142857143,0.1
MNIST,medium,44,4,a4,firing_rate,baseline,3,0.8990899204984968,0.7142857142857143,0.2
MNIST,medium,44,4,a1,hebbian,loss_free,3,0.5923755115264734,0.6129032258064516,0.05
MNIST,medium,44,4,a1,hebbian,loss_free,3,0.5923755115264734,0.6451612903225806,0.1
MNIST,medium,44,4,a1,hebbian,loss_free,3,0.5923755115264734,0.45714285714285713,0.2
MNIST,medium,44,4,a2,hebbian,loss_free,3,0.7501065457110707,0.6,0.05
MNIST,medium,44,4,a2,hebbian,loss_free,3,0.7501065457110707,0.8518518518518519,0.1
MNIST,medium,44,4,a2,hebbian,loss_free,3,0.7501065457110707,0.6190476190476191,0.2
MNIST,medium,44,4,a3,hebbian,loss_free,3,0.8709541723022436,0.5,0.05
MNIST,medium,44,4,a3,hebbian,loss_free,3,0.8709541723022436,0.8461538461538461,0.1
MNIST,medium,44,4,a3,hebbian,loss_free,3,0.8709541723022436,0.7857142857142857,0.2
MNIST,medium,44,4,a4,hebbian,loss_free,3,0.8622710622710623,1.0,0.05
MNIST,medium,44,4,a4,hebbian,loss_free,3,0.8622710622710623,0.7142857142857143,0.1
MNIST,medium,44,4,a4,hebbian,loss_free,3,0.8622710622710623,0.6,0.2
MNIST,medium,44,4,a1,mean_activation,baseline,3,0.5857976813552994,0.6129032258064516,0.05
MNIST,medium,44,4,a1,mean_activation,baseline,3,0.5857976813552994,0.6721311475409836,0.1
MNIST,medium,44,4,a1,mean_activation,baseline,3,0.5857976813552994,0.44680851063829785,0.2
MNIST,medium,44,4,a2,mean_activation,baseline,3,0.7551369529687821,0.6,0.05
MNIST,medium,44,4,a2,mean_activation,baseline,3,0.7551369529687821,0.8518518518518519,0.1
MNIST,medium,44,4,a2,mean_activation,baseline,3,0.7551369529687821,0.59375,0.2
MNIST,medium,44,4,a3,mean_activation,baseline,3,0.8493020147958978,0.5,0.05
MNIST,medium,44,4,a3,mean_activation,baseline,3,0.8493020147958978,0.8461538461538461,0.1
MNIST,medium,44,4,a3,mean_activation,baseline,3,0.8493020147958978,0.7241379310344828,0.2
MNIST,medium,44,4,a4,mean_activation,baseline,3,0.8304945054945055,0.2,0.05
MNIST,medium,44,4,a4,mean_activation,baseline,3,0.8304945054945055,1.0,0.1
MNIST,medium,44,4,a4,mean_activation,baseline,3,0.8304945054945055,0.7142857142857143,0.2
MNIST,medium,44,4,a1,output_weight_norm,baseline,3,0.973863203957382,1.0,0.05
MNIST,medium,44,4,a1,output_weight_norm,baseline,3,0.973863203957382,0.8214285714285714,0.1
MNIST,medium,44,4,a1,output_weight_norm,baseline,3,0.973863203957382,0.7739130434782608,0.2
MNIST,medium,44,4,a2,output_weight_norm,baseline,3,0.9507968070496681,0.7142857142857143,0.05
MNIST,medium,44,4,a2,output_weight_norm,baseline,3,0.9507968070496681,0.6666666666666666,0.1
MNIST,medium,44,4,a2,output_weight_norm,baseline,3,0.9507968070496681,0.7288135593220338,0.2
MNIST,medium,44,4,a3,output_weight_norm,baseline,3,0.9583409631935543,0.7142857142857143,0.05
MNIST,medium,44,4,a3,output_weight_norm,baseline,3,0.9583409631935543,0.6,0.1
MNIST,medium,44,4,a3,output_weight_norm,baseline,3,0.9583409631935543,0.8518518518518519,0.2
MNIST,medium,44,4,a4,output_weight_norm,baseline,3,0.9800824175824175,1.0,0.05
MNIST,medium,44,4,a4,output_weight_norm,baseline,3,0.9800824175824175,0.7142857142857143,0.1
MNIST,medium,44,4,a4,output_weight_norm,baseline,3,0.9800824175824175,0.8461538461538461,0.2
MNIST,medium,44,4,a1,redundancy,loss_free,3,0.772047791360157,0.5625,0.05
MNIST,medium,44,4,a1,redundancy,loss_free,3,0.772047791360157,0.45714285714285713,0.1
MNIST,medium,44,4,a1,redundancy,loss_free,3,0.772047791360157,0.5,0.2
MNIST,medium,44,4,a2,redundancy,loss_free,3,0.810211958299113,0.4117647058823529,0.05
MNIST,medium,44,4,a2,redundancy,loss_free,3,0.810211958299113,0.47058823529411764,0.1
MNIST,medium,44,4,a2,redundancy,loss_free,3,0.810211958299113,0.59375,0.2
MNIST,medium,44,4,a3,redundancy,loss_free,3,0.8383141681457302,0.5,0.05
MNIST,medium,44,4,a3,redundancy,loss_free,3,0.8383141681457302,0.7142857142857143,0.1
MNIST,medium,44,4,a3,redundancy,loss_free,3,0.8383141681457302,0.6129032258064516,0.2
MNIST,medium,44,4,a4,redundancy,loss_free,3,0.8065502438197865,0.0,0.05
MNIST,medium,44,4,a4,redundancy,loss_free,3,0.8065502438197865,0.2,0.1
MNIST,medium,44,4,a4,redundancy,loss_free,3,0.8065502438197865,0.4117647058823529,0.2
MNIST,medium,44,5,a1,activation_variance,baseline,4,0.6496876565933822,0.6129032258064516,0.05
MNIST,medium,44,5,a1,activation_variance,baseline,4,0.6496876565933822,0.7586206896551724,0.1
MNIST,medium,44,5,a1,activation_variance,baseline,4,0.6496876565933822,0.5,0.2
MNIST,medium,44,5,a2,activation_variance,baseline,4,0.7913780246388137,0.6,0.05
MNIST,medium,44,5,a2,activation_variance,baseline,4,0.7913780246388137,0.6666666666666666,0.1
MNIST,medium,44,5,a2,activation_variance,baseline,4,0.7913780246388137,0.6451612903225806,0.2
MNIST,medium,44,5,a3,activation_variance,baseline,4,0.7738912961455244,0.5,0.05
MNIST,medium,44,5,a3,activation_variance,baseline,4,0.7738912961455244,0.7142857142857143,0.1
MNIST,medium,44,5,a3,activation_variance,baseline,4,0.7738912961455244,0.5625,0.2
MNIST,medium,44,5,a4,activation_variance,baseline,4,0.7641483516483516,0.5,0.05
MNIST,medium,44,5,a4,activation_variance,baseline,4,0.7641483516483516,0.7142857142857143,0.1
MNIST,medium,44,5,a4,activation_variance,baseline,4,0.7641483516483516,0.4117647058823529,0.2
MNIST,medium,44,5,a1,class_selectivity,loss_free,4,0.7258138006749144,0.5151515151515151,0.05
MNIST,medium,44,5,a1,class_selectivity,loss_free,4,0.7258138006749144,0.7586206896551724,0.1
MNIST,medium,44,5,a1,class_selectivity,loss_free,4,0.7258138006749144,0.5338345864661654,0.2
MNIST,medium,44,5,a2,class_selectivity,loss_free,4,0.8293745160488485,0.6,0.05
MNIST,medium,44,5,a2,class_selectivity,loss_free,4,0.8293745160488485,0.7857142857142857,0.1
MNIST,medium,44,5,a2,class_selectivity,loss_free,4,0.8293745160488485,0.5,0.2
MNIST,medium,44,5,a3,class_selectivity,loss_free,4,0.8485701892397935,0.5,0.05
MNIST,medium,44,5,a3,class_selectivity,loss_free,4,0.8485701892397935,0.7142857142857143,0.1
MNIST,medium,44,5,a3,class_selectivity,loss_free,4,0.8485701892397935,0.6129032258064516,0.2
MNIST,medium,44,5,a4,class_selectivity,loss_free,4,0.6981227106227106,0.2,0.05
MNIST,medium,44,5,a4,class_selectivity,loss_free,4,0.6981227106227106,0.3333333333333333,0.1
MNIST,medium,44,5,a4,class_selectivity,loss_free,4,0.6981227106227106,0.2,0.2
MNIST,medium,44,5,a1,firing_rate,baseline,4,0.6579382931016027,0.5151515151515151,0.05
MNIST,medium,44,5,a1,firing_rate,baseline,4,0.6579382931016027,0.7894736842105263,0.1
MNIST,medium,44,5,a1,firing_rate,baseline,4,0.6579382931016027,0.5,0.2
MNIST,medium,44,5,a2,firing_rate,baseline,4,0.8157387236050754,0.7142857142857143,0.05
MNIST,medium,44,5,a2,firing_rate,baseline,4,0.8157387236050754,0.9230769230769231,0.1
MNIST,medium,44,5,a2,firing_rate,baseline,4,0.8157387236050754,0.7586206896551724,0.2
MNIST,medium,44,5,a3,firing_rate,baseline,4,0.9044530880935662,0.3333333333333333,0.05
MNIST,medium,44,5,a3,firing_rate,baseline,4,0.9044530880935662,0.8461538461538461,0.1
MNIST,medium,44,5,a3,firing_rate,baseline,4,0.9044530880935662,0.7857142857142857,0.2
MNIST,medium,44,5,a4,firing_rate,baseline,4,0.9038760932277119,0.5,0.05
MNIST,medium,44,5,a4,firing_rate,baseline,4,0.9038760932277119,0.7142857142857143,0.1
MNIST,medium,44,5,a4,firing_rate,baseline,4,0.9038760932277119,0.8461538461538461,0.2
MNIST,medium,44,5,a1,hebbian,loss_free,4,0.6471923610971564,0.5151515151515151,0.05
MNIST,medium,44,5,a1,hebbian,loss_free,4,0.6471923610971564,0.7586206896551724,0.1
MNIST,medium,44,5,a1,hebbian,loss_free,4,0.6471923610971564,0.5223880597014925,0.2
MNIST,medium,44,5,a2,hebbian,loss_free,4,0.7742467350621156,0.6,0.05
MNIST,medium,44,5,a2,hebbian,loss_free,4,0.7742467350621156,0.8518518518518519,0.1
MNIST,medium,44,5,a2,hebbian,loss_free,4,0.7742467350621156,0.6721311475409836,0.2
MNIST,medium,44,5,a3,hebbian,loss_free,4,0.8633663062512664,0.5,0.05
MNIST,medium,44,5,a3,hebbian,loss_free,4,0.8633663062512664,0.7142857142857143,0.1
MNIST,medium,44,5,a3,hebbian,loss_free,4,0.8633663062512664,0.7241379310344828,0.2
MNIST,medium,44,5,a4,hebbian,loss_free,4,0.8834706959706959,0.5,0.05
MNIST,medium,44,5,a4,hebbian,loss_free,4,0.8834706959706959,0.3333333333333333,0.1
MNIST,medium,44,5,a4,hebbian,loss_free,4,0.8834706959706959,0.6,0.2
MNIST,medium,44,5,a1,mean_activation,baseline,4,0.6305060786336854,0.6129032258064516,0.05
MNIST,medium,44,5,a1,mean_activation,baseline,4,0.6305060786336854,0.7288135593220338,0.1
MNIST,medium,44,5,a1,mean_activation,baseline,4,0.6305060786336854,0.5,0.2
MNIST,medium,44,5,a2,mean_activation,baseline,4,0.7742159767810743,0.6,0.05
MNIST,medium,44,5,a2,mean_activation,baseline,4,0.7742159767810743,0.8518518518518519,0.1
MNIST,medium,44,5,a2,mean_activation,baseline,4,0.7742159767810743,0.6190476190476191,0.2
MNIST,medium,44,5,a3,mean_activation,baseline,4,0.8325262759000805,0.7142857142857143,0.05
MNIST,medium,44,5,a3,mean_activation,baseline,4,0.8325262759000805,0.7142857142857143,0.1
MNIST,medium,44,5,a3,mean_activation,baseline,4,0.8325262759000805,0.5625,0.2
MNIST,medium,44,5,a4,mean_activation,baseline,4,0.8612637362637363,0.2,0.05
MNIST,medium,44,5,a4,mean_activation,baseline,4,0.8612637362637363,0.7142857142857143,0.1
MNIST,medium,44,5,a4,mean_activation,baseline,4,0.8612637362637363,0.6,0.2
MNIST,medium,44,5,a1,output_weight_norm,baseline,4,0.9849911057609778,1.0,0.05
MNIST,medium,44,5,a1,output_weight_norm,baseline,4,0.9849911057609778,0.8214285714285714,0.1
MNIST,medium,44,5,a1,output_weight_norm,baseline,4,0.9849911057609778,0.8545454545454545,0.2
MNIST,medium,44,5,a2,output_weight_norm,baseline,4,0.9695274948500802,0.7142857142857143,0.05
MNIST,medium,44,5,a2,output_weight_norm,baseline,4,0.9695274948500802,0.7241379310344828,0.1
MNIST,medium,44,5,a2,output_weight_norm,baseline,4,0.9695274948500802,0.8214285714285714,0.2
MNIST,medium,44,5,a3,output_weight_norm,baseline,4,0.9751876945614356,1.0,0.05
MNIST,medium,44,5,a3,output_weight_norm,baseline,4,0.9751876945614356,0.7142857142857143,0.1
MNIST,medium,44,5,a3,output_weight_norm,baseline,4,0.9751876945614356,0.7857142857142857,0.2
MNIST,medium,44,5,a4,output_weight_norm,baseline,4,0.9647893772893773,1.0,0.05
MNIST,medium,44,5,a4,output_weight_norm,baseline,4,0.9647893772893773,0.7142857142857143,0.1
MNIST,medium,44,5,a4,output_weight_norm,baseline,4,0.9647893772893773,0.7142857142857143,0.2
MNIST,medium,44,5,a1,redundancy,loss_free,4,0.8212642469902391,0.42857142857142855,0.05
MNIST,medium,44,5,a1,redundancy,loss_free,4,0.8212642469902391,0.4782608695652174,0.1
MNIST,medium,44,5,a1,redundancy,loss_free,4,0.8212642469902391,0.48905109489051096,0.2
MNIST,medium,44,5,a2,redundancy,loss_free,4,0.839955220824476,0.7142857142857143,0.05
MNIST,medium,44,5,a2,redundancy,loss_free,4,0.839955220824476,0.47058823529411764,0.1
MNIST,medium,44,5,a2,redundancy,loss_free,4,0.839955220824476,0.5223880597014925,0.2
MNIST,medium,44,5,a3,redundancy,loss_free,4,0.8636342207590337,0.5,0.05
MNIST,medium,44,5,a3,redundancy,loss_free,4,0.8636342207590337,0.7142857142857143,0.1
MNIST,medium,44,5,a3,redundancy,loss_free,4,0.8636342207590337,0.3888888888888889,0.2
MNIST,medium,44,5,a4,redundancy,loss_free,4,0.8291956760718212,0.0,0.05
MNIST,medium,44,5,a4,redundancy,loss_free,4,0.8291956760718212,0.0,0.1
MNIST,medium,44,5,a4,redundancy,loss_free,4,0.8291956760718212,0.3333333333333333,0.2
MNIST,medium,44,6,a1,activation_variance,baseline,5,0.6170306942662758,0.7241379310344828,0.05
MNIST,medium,44,6,a1,activation_variance,baseline,5,0.6170306942662758,0.7586206896551724,0.1
MNIST,medium,44,6,a1,activation_variance,baseline,5,0.6170306942662758,0.48905109489051096,0.2
MNIST,medium,44,6,a2,activation_variance,baseline,5,0.784188183672924,0.6,0.05
MNIST,medium,44,6,a2,activation_variance,baseline,5,0.784188183672924,0.7241379310344828,0.1
MNIST,medium,44,6,a2,activation_variance,baseline,5,0.784188183672924,0.45714285714285713,0.2
MNIST,medium,44,6,a3,activation_variance,baseline,5,0.7536464176951434,0.7142857142857143,0.05
MNIST,medium,44,6,a3,activation_variance,baseline,5,0.7536464176951434,0.7142857142857143,0.1
MNIST,medium,44,6,a3,activation_variance,baseline,5,0.7536464176951434,0.6129032258064516,0.2
MNIST,medium,44,6,a4,activation_variance,baseline,5,0.7509157509157509,0.2,0.05
MNIST,medium,44,6,a4,activation_variance,baseline,5,0.7509157509157509,0.5,0.1
MNIST,medium,44,6,a4,activation_variance,baseline,5,0.7509157509157509,0.5,0.2
MNIST,medium,44,6,a1,class_selectivity,loss_free,5,0.7193043697890408,0.5625,0.05
MNIST,medium,44,6,a1,class_selectivity,loss_free,5,0.7193043697890408,0.7,0.1
MNIST,medium,44,6,a1,class_selectivity,loss_free,5,0.7193043697890408,0.48905109489051096,0.2
MNIST,medium,44,6,a2,class_selectivity,loss_free,5,0.8205754183881746,0.6,0.05
MNIST,medium,44,6,a2,class_selectivity,loss_free,5,0.8205754183881746,0.7857142857142857,0.1
MNIST,medium,44,6,a2,class_selectivity,loss_free,5,0.8205754183881746,0.45714285714285713,0.2
MNIST,medium,44,6,a3,class_selectivity,loss_free,5,0.7892576649188285,0.7142857142857143,0.05
MNIST,medium,44,6,a3,class_selectivity,loss_free,5,0.7892576649188285,0.7142857142857143,0.1
MNIST,medium,44,6,a3,class_selectivity,loss_free,5,0.7892576649188285,0.5151515151515151,0.2
MNIST,medium,44,6,a4,class_selectivity,loss_free,5,0.7540750915750916,0.2,0.05
MNIST,medium,44,6,a4,class_selectivity,loss_free,5,0.7540750915750916,0.2,0.1
MNIST,medium,44,6,a4,class_selectivity,loss_free,5,0.7540750915750916,0.4117647058823529,0.2
MNIST,medium,44,6,a1,firing_rate,baseline,5,0.6203259382155147,0.6129032258064516,0.05
MNIST,medium,44,6,a1,firing_rate,baseline,5,0.6203259382155147,0.7288135593220338,0.1
MNIST,medium,44,6,a1,firing_rate,baseline,5,0.6203259382155147,0.5111111111111111,0.2
MNIST,medium,44,6,a2,firing_rate,baseline,5,0.789214092703887,0.6,0.05
MNIST,medium,44,6,a2,firing_rate,baseline,5,0.789214092703887,0.8518518518518519,0.1
MNIST,medium,44,6,a2,firing_rate,baseline,5,0.789214092703887,0.7288135593220338,0.2
MNIST,medium,44,6,a3,firing_rate,baseline,5,0.8927353962352562,0.5,0.05
MNIST,medium,44,6,a3,firing_rate,baseline,5,0.8927353962352562,0.8461538461538461,0.1
MNIST,medium,44,6,a3,firing_rate,baseline,5,0.8927353962352562,0.7857142857142857,0.2
MNIST,medium,44,6,a4,firing_rate,baseline,5,0.8412647538531917,0.5,0.05
MNIST,medium,44,6,a4,firing_rate,baseline,5,0.8412647538531917,0.5,0.1
MNIST,medium,44,6,a4,firing_rate,baseline,5,0.8412647538531917,0.8461538461538461,0.2
MNIST,medium,44,6,a1,hebbian,loss_free,5,0.6090896398790686,0.6129032258064516,0.05
MNIST,medium,44,6,a1,hebbian,loss_free,5,0.6090896398790686,0.7586206896551724,0.1
MNIST,medium,44,6,a1,hebbian,loss_free,5,0.6090896398790686,0.5111111111111111,0.2
MNIST,medium,44,6,a2,hebbian,loss_free,5,0.748937558274806,0.6,0.05
MNIST,medium,44,6,a2,hebbian,loss_free,5,0.748937558274806,0.7857142857142857,0.1
MNIST,medium,44,6,a2,hebbian,loss_free,5,0.748937558274806,0.5692307692307692,0.2
MNIST,medium,44,6,a3,hebbian,loss_free,5,0.836100107617979,0.5,0.05
MNIST,medium,44,6,a3,hebbian,loss_free,5,0.836100107617979,0.7142857142857143,0.1
MNIST,medium,44,6,a3,hebbian,loss_free,5,0.836100107617979,0.7241379310344828,0.2
MNIST,medium,44,6,a4,hebbian,loss_free,5,0.8045329670329671,0.2,0.05
MNIST,medium,44,6,a4,hebbian,loss_free,5,0.8045329670329671,0.3333333333333333,0.1
MNIST,medium,44,6,a4,hebbian,loss_free,5,0.8045329670329671,0.7142857142857143,0.2
MNIST,medium,44,6,a1,mean_activation,baseline,5,0.5884110405233648,0.42857142857142855,0.05
MNIST,medium,44,6,a1,mean_activation,baseline,5,0.5884110405233648,0.7894736842105263,0.1
MNIST,medium,44,6,a1,mean_activation,baseline,5,0.5884110405233648,0.5111111111111111,0.2
MNIST,medium,44,6,a2,mean_activation,baseline,5,0.746017709796181,0.6,0.05
MNIST,medium,44,6,a2,mean_activation,baseline,5,0.746017709796181,0.7857142857142857,0.1
MNIST,medium,44,6,a2,mean_activation,baseline,5,0.746017709796181,0.5223880597014925,0.2
MNIST,medium,44,6,a3,mean_activation,baseline,5,0.8086689716758638,0.3333333333333333,0.05
MNIST,medium,44,6,a3,mean_activation,baseline,5,0.8086689716758638,0.8461538461538461,0.1
MNIST,medium,44,6,a3,mean_activation,baseline,5,0.8086689716758638,0.6129032258064516,0.2
MNIST,medium,44,6,a4,mean_activation,baseline,5,0.766941391941392,0.2,0.05
MNIST,medium,44,6,a4,mean_activation,baseline,5,0.766941391941392,0.5,0.1
MNIST,medium,44,6,a4,mean_activation,baseline,5,0.766941391941392,0.6,0.2
MNIST,medium,44,6,a1,output_weight_norm,baseline,5,0.9852851663977295,1.0,0.05
MNIST,medium,44,6,a1,output_weight_norm,baseline,5,0.9852851663977295,0.8545454545454545,0.1
MNIST,medium,44,6,a1,output_weight_norm,baseline,5,0.9852851663977295,0.8378378378378378,0.2
MNIST,medium,44,6,a2,output_weight_norm,baseline,5,0.9475187399862669,0.7142857142857143,0.05
MNIST,medium,44,6,a2,output_weight_norm,baseline,5,0.9475187399862669,0.6666666666666666,0.1
MNIST,medium,44,6,a2,output_weight_norm,baseline,5,0.9475187399862669,0.7288135593220338,0.2
MNIST,medium,44,6,a3,output_weight_norm,baseline,5,0.9627815418421535,1.0,0.05
MNIST,medium,44,6,a3,output_weight_norm,baseline,5,0.9627815418421535,0.8461538461538461,0.1
MNIST,medium,44,6,a3,output_weight_norm,baseline,5,0.9627815418421535,0.8518518518518519,0.2
MNIST,medium,44,6,a4,output_weight_norm,baseline,5,0.9730311355311355,1.0,0.05
MNIST,medium,44,6,a4,output_weight_norm,baseline,5,0.9730311355311355,1.0,0.1
MNIST,medium,44,6,a4,output_weight_norm,baseline,5,0.9730311355311355,0.7142857142857143,0.2
MNIST,medium,44,6,a1,redundancy,loss_free,5,0.8037586700752357,0.5151515151515151,0.05
MNIST,medium,44,6,a1,redundancy,loss_free,5,0.8037586700752357,0.5223880597014925,0.1
MNIST,medium,44,6,a1,redundancy,loss_free,5,0.8037586700752357,0.4782608695652174,0.2
MNIST,medium,44,6,a2,redundancy,loss_free,5,0.8733059179052678,0.4117647058823529,0.05
MNIST,medium,44,6,a2,redundancy,loss_free,5,0.8733059179052678,0.5151515151515151,0.1
MNIST,medium,44,6,a2,redundancy,loss_free,5,0.8733059179052678,0.59375,0.2
MNIST,medium,44,6,a3,redundancy,loss_free,5,0.8961368697690095,0.5,0.05
MNIST,medium,44,6,a3,redundancy,loss_free,5,0.8961368697690095,0.5,0.1
MNIST,medium,44,6,a3,redundancy,loss_free,5,0.8961368697690095,0.6129032258064516,0.2
MNIST,medium,44,6,a4,redundancy,loss_free,5,0.8108532103269536,0.5,0.05
MNIST,medium,44,6,a4,redundancy,loss_free,5,0.8108532103269536,0.3333333333333333,0.1
MNIST,medium,44,6,a4,redundancy,loss_free,5,0.8108532103269536,0.2631578947368421,0.2
MNIST,medium,44,7,a1,activation_variance,baseline,6,0.6532345209229002,0.6129032258064516,0.05
MNIST,medium,44,7,a1,activation_variance,baseline,6,0.6532345209229002,0.7894736842105263,0.1
MNIST,medium,44,7,a1,activation_variance,baseline,6,0.6532345209229002,0.48905109489051096,0.2
MNIST,medium,44,7,a2,activation_variance,baseline,6,0.8365065919804342,0.5,0.05
MNIST,medium,44,7,a2,activation_variance,baseline,6,0.8365065919804342,0.6129032258064516,0.1
MNIST,medium,44,7,a2,activation_variance,baseline,6,0.8365065919804342,0.5692307692307692,0.2
MNIST,medium,44,7,a3,activation_variance,baseline,6,0.8358337971377776,0.5,0.05
MNIST,medium,44,7,a3,activation_variance,baseline,6,0.8358337971377776,0.8461538461538461,0.1
MNIST,medium,44,7,a3,activation_variance,baseline,6,0.8358337971377776,0.6129032258064516,0.2
MNIST,medium,44,7,a4,activation_variance,baseline,6,0.7828754578754579,0.2,0.05
MNIST,medium,44,7,a4,activation_variance,baseline,6,0.7828754578754579,0.3333333333333333,0.1
MNIST,medium,44,7,a4,activation_variance,baseline,6,0.7828754578754579,0.5,0.2
MNIST,medium,44,7,a1,class_selectivity,loss_free,6,0.735786677134534,0.3888888888888889,0.05
MNIST,medium,44,7,a1,class_selectivity,loss_free,6,0.735786677134534,0.7586206896551724,0.1
MNIST,medium,44,7,a1,class_selectivity,loss_free,6,0.735786677134534,0.5111111111111111,0.2
MNIST,medium,44,7,a2,class_selectivity,loss_free,6,0.8638282136470847,0.5,0.05
MNIST,medium,44,7,a2,class_selectivity,loss_free,6,0.8638282136470847,0.7857142857142857,0.1
MNIST,medium,44,7,a2,class_selectivity,loss_free,6,0.8638282136470847,0.5,0.2
MNIST,medium,44,7,a3,class_selectivity,loss_free,6,0.8221303838592229,0.7142857142857143,0.05
MNIST,medium,44,7,a3,class_selectivity,loss_free,6,0.8221303838592229,0.8461538461538461,0.1
MNIST,medium,44,7,a3,class_selectivity,loss_free,6,0.8221303838592229,0.47058823529411764,0.2
MNIST,medium,44,7,a4,class_selectivity,loss_free,6,0.7951923076923076,0.2,0.05
MNIST,medium,44,7,a4,class_selectivity,loss_free,6,0.7951923076923076,0.5,0.1
MNIST,medium,44,7,a4,class_selectivity,loss_free,6,0.7951923076923076,0.5,0.2
MNIST,medium,44,7,a1,firing_rate,baseline,6,0.6635492078951307,0.5625,0.05
MNIST,medium,44,7,a1,firing_rate,baseline,6,0.6635492078951307,0.7288135593220338,0.1
MNIST,medium,44,7,a1,firing_rate,baseline,6,0.6635492078951307,0.48905109489051096,0.2
MNIST,medium,44,7,a2,firing_rate,baseline,6,0.7964817466443553,0.5,0.05
MNIST,medium,44,7,a2,firing_rate,baseline,6,0.7964817466443553,0.7241379310344828,0.1
MNIST,medium,44,7,a2,firing_rate,baseline,6,0.7964817466443553,0.6721311475409836,0.2
MNIST,medium,44,7,a3,firing_rate,baseline,6,0.9563315973426566,0.3333333333333333,0.05
MNIST,medium,44,7,a3,firing_rate,baseline,6,0.9563315973426566,0.7142857142857143,0.1
MNIST,medium,44,7,a3,firing_rate,baseline,6,0.9563315973426566,0.8518518518518519,0.2
MNIST,medium,44,7,a4,firing_rate,baseline,6,0.9350001154569751,1.0,0.05
MNIST,medium,44,7,a4,firing_rate,baseline,6,0.9350001154569751,1.0,0.1
MNIST,medium,44,7,a4,firing_rate,baseline,6,0.9350001154569751,0.7142857142857143,0.2
MNIST,medium,44,7,a1,hebbian,loss_free,6,0.6539646063732175,0.5625,0.05
MNIST,medium,44,7,a1,hebbian,loss_free,6,0.6539646063732175,0.7586206896551724,0.1
MNIST,medium,44,7,a1,hebbian,loss_free,6,0.6539646063732175,0.45714285714285713,0.2
MNIST,medium,44,7,a2,hebbian,loss_free,6,0.7759418876693763,0.5,0.05
MNIST,medium,44,7,a2,hebbian,loss_free,6,0.7759418876693763,0.7241379310344828,0.1
MNIST,medium,44,7,a2,hebbian,loss_free,6,0.7759418876693763,0.59375,0.2
MNIST,medium,44,7,a3,hebbian,loss_free,6,0.9035781146614599,0.5,0.05
MNIST,medium,44,7,a3,hebbian,loss_free,6,0.9035781146614599,0.8461538461538461,0.1
MNIST,medium,44,7,a3,hebbian,loss_free,6,0.9035781146614599,0.7857142857142857,0.2
MNIST,medium,44,7,a4,hebbian,loss_free,6,0.8886446886446886,0.5,0.05
MNIST,medium,44,7,a4,hebbian,loss_free,6,0.8886446886446886,0.3333333333333333,0.1
MNIST,medium,44,7,a4,hebbian,loss_free,6,0.8886446886446886,0.7142857142857143,0.2
MNIST,medium,44,7,a1,mean_activation,baseline,6,0.6391644336140535,0.6129032258064516,0.05
MNIST,medium,44,7,a1,mean_activation,baseline,6,0.6391644336140535,0.7894736842105263,0.1
MNIST,medium,44,7,a1,mean_activation,baseline,6,0.6391644336140535,0.4782608695652174,0.2
MNIST,medium,44,7,a2,mean_activation,baseline,6,0.7915039177186076,0.5,0.05
MNIST,medium,44,7,a2,mean_activation,baseline,6,0.7915039177186076,0.6666666666666666,0.1
MNIST,medium,44,7,a2,mean_activation,baseline,6,0.7915039177186076,0.59375,0.2
MNIST,medium,44,7,a3,mean_activation,baseline,6,0.8623533935118562,0.3333333333333333,0.05
MNIST,medium,44,7,a3,mean_activation,baseline,6,0.8623533935118562,1.0,0.1
MNIST,medium,44,7,a3,mean_activation,baseline,6,0.8623533935118562,0.7857142857142857,0.2
MNIST,medium,44,7,a4,mean_activation,baseline,6,0.8386446886446887,0.2,0.05
MNIST,medium,44,7,a4,mean_activation,baseline,6,0.8386446886446887,0.5,0.1
MNIST,medium,44,7,a4,mean_activation,baseline,6,0.8386446886446887,0.6,0.2
MNIST,medium,44,7,a1,output_weight_norm,baseline,6,0.9869300820544512,1.0,0.05
MNIST,medium,44,7,a1,output_weight_norm,baseline,6,0.9869300820544512,0.8214285714285714,0.1
MNIST,medium,44,7,a1,output_weight_norm,baseline,6,0.9869300820544512,0.8378378378378378,0.2
MNIST,medium,44,7,a2,output_weight_norm,baseline,6,0.9206991016250858,0.6,0.05
MNIST,medium,44,7,a2,output_weight_norm,baseline,6,0.9206991016250858,0.6129032258064516,0.1
MNIST,medium,44,7,a2,output_weight_norm,baseline,6,0.9206991016250858,0.7,0.2
MNIST,medium,44,7,a3,output_weight_norm,baseline,6,0.9709760117194653,1.0,0.05
MNIST,medium,44,7,a3,output_weight_norm,baseline,6,0.9709760117194653,0.7142857142857143,0.1
MNIST,medium,44,7,a3,output_weight_norm,baseline,6,0.9709760117194653,0.9230769230769231,0.2
MNIST,medium,44,7,a4,output_weight_norm,baseline,6,0.9799450549450549,1.0,0.05
MNIST,medium,44,7,a4,output_weight_norm,baseline,6,0.9799450549450549,1.0,0.1
MNIST,medium,44,7,a4,output_weight_norm,baseline,6,0.9799450549450549,0.6,0.2
MNIST,medium,44,7,a1,redundancy,loss_free,6,0.8247201948887867,0.47058823529411764,0.05
MNIST,medium,44,7,a1,redundancy,loss_free,6,0.8247201948887867,0.5223880597014925,0.1
MNIST,medium,44,7,a1,redundancy,loss_free,6,0.8247201948887867,0.5223880597014925,0.2
MNIST,medium,44,7,a2,redundancy,loss_free,6,0.8346835715029776,0.2631578947368421,0.05
MNIST,medium,44,7,a2,redundancy,loss_free,6,0.8346835715029776,0.5625,0.1
MNIST,medium,44,7,a2,redundancy,loss_free,6,0.8346835715029776,0.6190476190476191,0.2
MNIST,medium,44,7,a3,redundancy,loss_free,6,0.9300201518166505,0.3333333333333333,0.05
MNIST,medium,44,7,a3,redundancy,loss_free,6,0.9300201518166505,0.6,0.1
MNIST,medium,44,7,a3,redundancy,loss_free,6,0.9300201518166505,0.6666666666666666,0.2
MNIST,medium,44,7,a4,redundancy,loss_free,6,0.809298064811634,0.5,0.05
MNIST,medium,44,7,a4,redundancy,loss_free,6,0.809298064811634,0.5,0.1
MNIST,medium,44,7,a4,redundancy,loss_free,6,0.809298064811634,0.6,0.2
MNIST,medium,44,8,a1,activation_variance,baseline,7,0.6950427797160564,0.6666666666666666,0.05
MNIST,medium,44,8,a1,activation_variance,baseline,7,0.6950427797160564,0.8214285714285714,0.1
MNIST,medium,44,8,a1,activation_variance,baseline,7,0.6950427797160564,0.5338345864661654,0.2
MNIST,medium,44,8,a2,activation_variance,baseline,7,0.8386955911454255,0.7142857142857143,0.05
MNIST,medium,44,8,a2,activation_variance,baseline,7,0.8386955911454255,0.7241379310344828,0.1
MNIST,medium,44,8,a2,activation_variance,baseline,7,0.8386955911454255,0.5454545454545454,0.2
MNIST,medium,44,8,a3,activation_variance,baseline,7,0.7978249670883177,0.7142857142857143,0.05
MNIST,medium,44,8,a3,activation_variance,baseline,7,0.7978249670883177,0.6,0.1
MNIST,medium,44,8,a3,activation_variance,baseline,7,0.7978249670883177,0.6666666666666666,0.2
MNIST,medium,44,8,a4,activation_variance,baseline,7,0.7856227106227106,0.5,0.05
MNIST,medium,44,8,a4,activation_variance,baseline,7,0.7856227106227106,0.5,0.1
MNIST,medium,44,8,a4,activation_variance,baseline,7,0.7856227106227106,0.3333333333333333,0.2
MNIST,medium,44,8,a1,class_selectivity,loss_free,7,0.774247257573485,0.5151515151515151,0.05
MNIST,medium,44,8,a1,class_selectivity,loss_free,7,0.774247257573485,0.7894736842105263,0.1
MNIST,medium,44,8,a1,class_selectivity,loss_free,7,0.774247257573485,0.59375,0.2
MNIST,medium,44,8,a2,class_selectivity,loss_free,7,0.8692649579405639,0.8461538461538461,0.05
MNIST,medium,44,8,a2,class_selectivity,loss_free,7,0.8692649579405639,0.7241379310344828,0.1
MNIST,medium,44,8,a2,class_selectivity,loss_free,7,0.8692649579405639,0.5454545454545454,0.2
MNIST,medium,44,8,a3,class_selectivity,loss_free,7,0.7664587029935321,1.0,0.05
MNIST,medium,44,8,a3,class_selectivity,loss_free,7,0.7664587029935321,0.6,0.1
MNIST,medium,44,8,a3,class_selectivity,loss_free,7,0.7664587029935321,0.5151515151515151,0.2
MNIST,medium,44,8,a4,class_selectivity,loss_free,7,0.7275641025641025,0.2,0.05
MNIST,medium,44,8,a4,class_selectivity,loss_free,7,0.7275641025641025,0.2,0.1
MNIST,medium,44,8,a4,class_selectivity,loss_free,7,0.7275641025641025,0.4117647058823529,0.2
MNIST,medium,44,8,a1,firing_rate,baseline,7,0.6951873783726255,0.5625,0.05
MNIST,medium,44,8,a1,firing_rate,baseline,7,0.6951873783726255,0.8214285714285714,0.1
MNIST,medium,44,8,a1,firing_rate,baseline,7,0.6951873783726255,0.5111111111111111,0.2
MNIST,medium,44,8,a2,firing_rate,baseline,7,0.824316690590571,0.8461538461538461,0.05
MNIST,medium,44,8,a2,firing_rate,baseline,7,0.824316690590571,0.7241379310344828,0.1
MNIST,medium,44,8,a2,firing_rate,baseline,7,0.824316690590571,0.59375,0.2
MNIST,medium,44,8,a3,firing_rate,baseline,7,0.9282294254689435,1.0,0.05
MNIST,medium,44,8,a3,firing_rate,baseline,7,0.9282294254689435,0.6,0.1
MNIST,medium,44,8,a3,firing_rate,baseline,7,0.9282294254689435,0.8518518518518519,0.2
MNIST,medium,44,8,a4,firing_rate,baseline,7,0.9541645682247977,1.0,0.05
MNIST,medium,44,8,a4,firing_rate,baseline,7,0.9541645682247977,0.5,0.1
MNIST,medium,44,8,a4,firing_rate,baseline,7,0.9541645682247977,0.7142857142857143,0.2
MNIST,medium,44,8,a1,hebbian,loss_free,7,0.6938508345002805,0.6129032258064516,0.05
MNIST,medium,44,8,a1,hebbian,loss_free,7,0.6938508345002805,0.8545454545454545,0.1
MNIST,medium,44,8,a1,hebbian,loss_free,7,0.6938508345002805,0.5223880597014925,0.2
MNIST,medium,44,8,a2,hebbian,loss_free,7,0.8156280147697593,0.8461538461538461,0.05
MNIST,medium,44,8,a2,hebbian,loss_free,7,0.8156280147697593,0.7241379310344828,0.1
MNIST,medium,44,8,a2,hebbian,loss_free,7,0.8156280147697593,0.5692307692307692,0.2
MNIST,medium,44,8,a3,hebbian,loss_free,7,0.8793028447140977,0.7142857142857143,0.05
MNIST,medium,44,8,a3,hebbian,loss_free,7,0.8793028447140977,0.8461538461538461,0.1
MNIST,medium,44,8,a3,hebbian,loss_free,7,0.8793028447140977,0.8518518518518519,0.2
MNIST,medium,44,8,a4,hebbian,loss_free,7,0.9050824175824176,0.5,0.05
MNIST,medium,44,8,a4,hebbian,loss_free,7,0.9050824175824176,0.5,0.1
MNIST,medium,44,8,a4,hebbian,loss_free,7,0.9050824175824176,0.4117647058823529,0.2
MNIST,medium,44,8,a1,mean_activation,baseline,7,0.6827718347468621,0.5625,0.05
MNIST,medium,44,8,a1,mean_activation,baseline,7,0.6827718347468621,0.8545454545454545,0.1
MNIST,medium,44,8,a1,mean_activation,baseline,7,0.6827718347468621,0.5,0.2
MNIST,medium,44,8,a2,mean_activation,baseline,7,0.8136288248172017,0.8461538461538461,0.05
MNIST,medium,44,8,a2,mean_activation,baseline,7,0.8136288248172017,0.7241379310344828,0.1
MNIST,medium,44,8,a2,mean_activation,baseline,7,0.8136288248172017,0.5692307692307692,0.2
MNIST,medium,44,8,a3,mean_activation,baseline,7,0.8653883578501517,0.7142857142857143,0.05
MNIST,medium,44,8,a3,mean_activation,baseline,7,0.8653883578501517,0.8461538461538461,0.1
MNIST,medium,44,8,a3,mean_activation,baseline,7,0.8653883578501517,0.7857142857142857,0.2
MNIST,medium,44,8,a4,mean_activation,baseline,7,0.8754578754578755,0.5,0.05
MNIST,medium,44,8,a4,mean_activation,baseline,7,0.8754578754578755,0.3333333333333333,0.1
MNIST,medium,44,8,a4,mean_activation,baseline,7,0.8754578754578755,0.5,0.2
MNIST,medium,44,8,a1,output_weight_norm,baseline,7,0.9896121224865817,1.0,0.05
MNIST,medium,44,8,a1,output_weight_norm,baseline,7,0.9896121224865817,0.9615384615384616,0.1
MNIST,medium,44,8,a1,output_weight_norm,baseline,7,0.9896121224865817,0.8214285714285714,0.2
MNIST,medium,44,8,a2,output_weight_norm,baseline,7,0.964235236896315,0.8461538461538461,0.05
MNIST,medium,44,8,a2,output_weight_norm,baseline,7,0.964235236896315,0.7241379310344828,0.1
MNIST,medium,44,8,a2,output_weight_norm,baseline,7,0.964235236896315,0.8545454545454545,0.2
MNIST,medium,44,8,a3,output_weight_norm,baseline,7,0.9684238234755539,1.0,0.05
MNIST,medium,44,8,a3,output_weight_norm,baseline,7,0.9684238234755539,0.7142857142857143,0.1
MNIST,medium,44,8,a3,output_weight_norm,baseline,7,0.9684238234755539,0.8518518518518519,0.2
MNIST,medium,44,8,a4,output_weight_norm,baseline,7,0.9750915750915751,1.0,0.05
MNIST,medium,44,8,a4,output_weight_norm,baseline,7,0.9750915750915751,0.7142857142857143,0.1
MNIST,medium,44,8,a4,output_weight_norm,baseline,7,0.9750915750915751,0.7142857142857143,0.2
MNIST,medium,44,8,a1,redundancy,loss_free,7,0.8314402353920763,0.35135135135135137,0.05
MNIST,medium,44,8,a1,redundancy,loss_free,7,0.8314402353920763,0.5,0.1
MNIST,medium,44,8,a1,redundancy,loss_free,7,0.8314402353920763,0.45714285714285713,0.2
MNIST,medium,44,8,a2,redundancy,loss_free,7,0.8864961389822689,0.6,0.05
MNIST,medium,44,8,a2,redundancy,loss_free,7,0.8864961389822689,0.6666666666666666,0.1
MNIST,medium,44,8,a2,redundancy,loss_free,7,0.8864961389822689,0.5454545454545454,0.2
MNIST,medium,44,8,a3,redundancy,loss_free,7,0.8737100751174189,0.3333333333333333,0.05
MNIST,medium,44,8,a3,redundancy,loss_free,7,0.8737100751174189,0.4117647058823529,0.1
MNIST,medium,44,8,a3,redundancy,loss_free,7,0.8737100751174189,0.5151515151515151,0.2
MNIST,medium,44,8,a4,redundancy,loss_free,7,0.7849969655497542,0.5,0.05
MNIST,medium,44,8,a4,redundancy,loss_free,7,0.7849969655497542,0.2,0.1
MNIST,medium,44,8,a4,redundancy,loss_free,7,0.7849969655497542,0.6,0.2
MNIST,medium,44,9,a1,activation_variance,baseline,8,0.6970643552928691,0.5625,0.05
MNIST,medium,44,9,a1,activation_variance,baseline,8,0.6970643552928691,0.7894736842105263,0.1
MNIST,medium,44,9,a1,activation_variance,baseline,8,0.6970643552928691,0.5572519083969466,0.2
MNIST,medium,44,9,a2,activation_variance,baseline,8,0.7779553635464104,0.6,0.05
MNIST,medium,44,9,a2,activation_variance,baseline,8,0.7779553635464104,0.6129032258064516,0.1
MNIST,medium,44,9,a2,activation_variance,baseline,8,0.7779553635464104,0.4782608695652174,0.2
MNIST,medium,44,9,a3,activation_variance,baseline,8,0.710427551757604,0.5,0.05
MNIST,medium,44,9,a3,activation_variance,baseline,8,0.710427551757604,0.7142857142857143,0.1
MNIST,medium,44,9,a3,activation_variance,baseline,8,0.710427551757604,0.6666666666666666,0.2
MNIST,medium,44,9,a4,activation_variance,baseline,8,0.7144230769230769,0.5,0.05
MNIST,medium,44,9,a4,activation_variance,baseline,8,0.7144230769230769,0.3333333333333333,0.1
MNIST,medium,44,9,a4,activation_variance,baseline,8,0.7144230769230769,0.5,0.2
MNIST,medium,44,9,a1,class_selectivity,loss_free,8,0.7797322000418035,0.6129032258064516,0.05
MNIST,medium,44,9,a1,class_selectivity,loss_free,8,0.7797322000418035,0.7288135593220338,0.1
MNIST,medium,44,9,a1,class_selectivity,loss_free,8,0.7797322000418035,0.5692307692307692,0.2
MNIST,medium,44,9,a2,class_selectivity,loss_free,8,0.8226483247484224,0.7142857142857143,0.05
MNIST,medium,44,9,a2,class_selectivity,loss_free,8,0.8226483247484224,0.6666666666666666,0.1
MNIST,medium,44,9,a2,class_selectivity,loss_free,8,0.8226483247484224,0.5,0.2
MNIST,medium,44,9,a3,class_selectivity,loss_free,8,0.7102386805630015,0.5,0.05
MNIST,medium,44,9,a3,class_selectivity,loss_free,8,0.7102386805630015,0.6,0.1
MNIST,medium,44,9,a3,class_selectivity,loss_free,8,0.7102386805630015,0.5151515151515151,0.2
MNIST,medium,44,9,a4,class_selectivity,loss_free,8,0.7152014652014652,0.2,0.05
MNIST,medium,44,9,a4,class_selectivity,loss_free,8,0.7152014652014652,0.2,0.1
MNIST,medium,44,9,a4,class_selectivity,loss_free,8,0.7152014652014652,0.5,0.2
MNIST,medium,44,9,a1,firing_rate,baseline,8,0.7058134059866342,0.5151515151515151,0.05
MNIST,medium,44,9,a1,firing_rate,baseline,8,0.7058134059866342,0.7288135593220338,0.1
MNIST,medium,44,9,a1,firing_rate,baseline,8,0.7058134059866342,0.5223880597014925,0.2
MNIST,medium,44,9,a2,firing_rate,baseline,8,0.7439064821432284,0.8461538461538461,0.05
MNIST,medium,44,9,a2,firing_rate,baseline,8,0.7439064821432284,0.7241379310344828,0.1
MNIST,medium,44,9,a2,firing_rate,baseline,8,0.7439064821432284,0.5454545454545454,0.2
MNIST,medium,44,9,a3,firing_rate,baseline,8,0.9175175587500394,0.5,0.05
MNIST,medium,44,9,a3,firing_rate,baseline,8,0.9175175587500394,0.7142857142857143,0.1
MNIST,medium,44,9,a3,firing_rate,baseline,8,0.9175175587500394,0.8518518518518519,0.2
MNIST,medium,44,9,a4,firing_rate,baseline,8,0.9256024269394761,1.0,0.05
MNIST,medium,44,9,a4,firing_rate,baseline,8,0.9256024269394761,0.7142857142857143,0.1
MNIST,medium,44,9,a4,firing_rate,baseline,8,0.9256024269394761,0.7142857142857143,0.2
MNIST,medium,44,9,a1,hebbian,loss_free,8,0.7040464514296411,0.5151515151515151,0.05
MNIST,medium,44,9,a1,hebbian,loss_free,8,0.7040464514296411,0.7586206896551724,0.1
MNIST,medium,44,9,a1,hebbian,loss_free,8,0.7040464514296411,0.5572519083969466,0.2
MNIST,medium,44,9,a2,hebbian,loss_free,8,0.7218774419793061,0.8461538461538461,0.05
MNIST,medium,44,9,a2,hebbian,loss_free,8,0.7218774419793061,0.6666666666666666,0.1
MNIST,medium,44,9,a2,hebbian,loss_free,8,0.7218774419793061,0.43661971830985913,0.2
MNIST,medium,44,9,a3,hebbian,loss_free,8,0.836118470080689,0.7142857142857143,0.05
MNIST,medium,44,9,a3,hebbian,loss_free,8,0.836118470080689,0.8461538461538461,0.1
MNIST,medium,44,9,a3,hebbian,loss_free,8,0.836118470080689,0.7857142857142857,0.2
MNIST,medium,44,9,a4,hebbian,loss_free,8,0.8439102564102564,0.5,0.05
MNIST,medium,44,9,a4,hebbian,loss_free,8,0.8439102564102564,1.0,0.1
MNIST,medium,44,9,a4,hebbian,loss_free,8,0.8439102564102564,0.7142857142857143,0.2
MNIST,medium,44,9,a1,mean_activation,baseline,8,0.6907360983922289,0.5625,0.05
MNIST,medium,44,9,a1,mean_activation,baseline,8,0.6907360983922289,0.7894736842105263,0.1
MNIST,medium,44,9,a1,mean_activation,baseline,8,0.6907360983922289,0.5338345864661654,0.2
MNIST,medium,44,9,a2,mean_activation,baseline,8,0.7289371617005765,0.7142857142857143,0.05
MNIST,medium,44,9,a2,mean_activation,baseline,8,0.7289371617005765,0.6666666666666666,0.1
MNIST,medium,44,9,a2,mean_activation,baseline,8,0.7289371617005765,0.45714285714285713,0.2
MNIST,medium,44,9,a3,mean_activation,baseline,8,0.8054011457949097,0.5,0.05
MNIST,medium,44,9,a3,mean_activation,baseline,8,0.8054011457949097,0.8461538461538461,0.1
MNIST,medium,44,9,a3,mean_activation,baseline,8,0.8054011457949097,0.6129032258064516,0.2
MNIST,medium,44,9,a4,mean_activation,baseline,8,0.7757783882783883,0.2,0.05
MNIST,medium,44,9,a4,mean_activation,baseline,8,0.7757783882783883,0.5,0.1
MNIST,medium,44,9,a4,mean_activation,baseline,8,0.7757783882783883,0.5,0.2
MNIST,medium,44,9,a1,output_weight_norm,baseline,8,0.9904239408452639,1.0,0.05
MNIST,medium,44,9,a1,output_weight_norm,baseline,8,0.9904239408452639,0.9245283018867925,0.1
MNIST,medium,44,9,a1,output_weight_norm,baseline,8,0.9904239408452639,0.9065420560747663,0.2
MNIST,medium,44,9,a2,output_weight_norm,baseline,8,0.9650649462119478,0.7142857142857143,0.05
MNIST,medium,44,9,a2,output_weight_norm,baseline,8,0.9650649462119478,0.7241379310344828,0.1
MNIST,medium,44,9,a2,output_weight_norm,baseline,8,0.9650649462119478,0.7894736842105263,0.2
MNIST,medium,44,9,a3,output_weight_norm,baseline,8,0.9507530672038088,0.5,0.05
MNIST,medium,44,9,a3,output_weight_norm,baseline,8,0.9507530672038088,1.0,0.1
MNIST,medium,44,9,a3,output_weight_norm,baseline,8,0.9507530672038088,0.7857142857142857,0.2
MNIST,medium,44,9,a4,output_weight_norm,baseline,8,0.9750457875457875,1.0,0.05
MNIST,medium,44,9,a4,output_weight_norm,baseline,8,0.9750457875457875,0.7142857142857143,0.1
MNIST,medium,44,9,a4,output_weight_norm,baseline,8,0.9750457875457875,0.7142857142857143,0.2
MNIST,medium,44,9,a1,redundancy,loss_free,8,0.8386648585135469,0.28205128205128205,0.05
MNIST,medium,44,9,a1,redundancy,loss_free,8,0.8386648585135469,0.3783783783783784,0.1
MNIST,medium,44,9,a1,redundancy,loss_free,8,0.8386648585135469,0.45714285714285713,0.2
MNIST,medium,44,9,a2,redundancy,loss_free,8,0.8602345586432018,0.5,0.05
MNIST,medium,44,9,a2,redundancy,loss_free,8,0.8602345586432018,0.42857142857142855,0.1
MNIST,medium,44,9,a2,redundancy,loss_free,8,0.8602345586432018,0.5223880597014925,0.2
MNIST,medium,44,9,a3,redundancy,loss_free,8,0.8623153897181556,0.5,0.05
MNIST,medium,44,9,a3,redundancy,loss_free,8,0.8623153897181556,0.4117647058823529,0.1
MNIST,medium,44,9,a3,redundancy,loss_free,8,0.8623153897181556,0.6129032258064516,0.2
MNIST,medium,44,9,a4,redundancy,loss_free,8,0.7593756799655077,0.2,0.05
MNIST,medium,44,9,a4,redundancy,loss_free,8,0.7593756799655077,0.2,0.1
MNIST,medium,44,9,a4,redundancy,loss_free,8,0.7593756799655077,0.4117647058823529,0.2
MNIST,medium,44,10,a1,activation_variance,baseline,9,0.6561598266813639,0.5625,0.05
MNIST,medium,44,10,a1,activation_variance,baseline,9,0.6561598266813639,0.8545454545454545,0.1
MNIST,medium,44,10,a1,activation_variance,baseline,9,0.6561598266813639,0.5454545454545454,0.2
MNIST,medium,44,10,a2,activation_variance,baseline,9,0.8138517246928813,0.7142857142857143,0.05
MNIST,medium,44,10,a2,activation_variance,baseline,9,0.8138517246928813,0.5151515151515151,0.1
MNIST,medium,44,10,a2,activation_variance,baseline,9,0.8138517246928813,0.5223880597014925,0.2
MNIST,medium,44,10,a3,activation_variance,baseline,9,0.7278771507630147,0.7142857142857143,0.05
MNIST,medium,44,10,a3,activation_variance,baseline,9,0.7278771507630147,0.7142857142857143,0.1
MNIST,medium,44,10,a3,activation_variance,baseline,9,0.7278771507630147,0.5151515151515151,0.2
MNIST,medium,44,10,a4,activation_variance,baseline,9,0.6226648351648352,0.2,0.05
MNIST,medium,44,10,a4,activation_variance,baseline,9,0.6226648351648352,0.3333333333333333,0.1
MNIST,medium,44,10,a4,activation_variance,baseline,9,0.6226648351648352,0.3333333333333333,0.2
MNIST,medium,44,10,a1,class_selectivity,loss_free,9,0.7591127099002196,0.6666666666666666,0.05
MNIST,medium,44,10,a1,class_selectivity,loss_free,9,0.7591127099002196,0.8214285714285714,0.1
MNIST,medium,44,10,a1,class_selectivity,loss_free,9,0.7591127099002196,0.59375,0.2
MNIST,medium,44,10,a2,class_selectivity,loss_free,9,0.8502839618761512,0.7142857142857143,0.05
MNIST,medium,44,10,a2,class_selectivity,loss_free,9,0.8502839618761512,0.6129032258064516,0.1
MNIST,medium,44,10,a2,class_selectivity,loss_free,9,0.8502839618761512,0.59375,0.2
MNIST,medium,44,10,a3,class_selectivity,loss_free,9,0.7568353702331251,0.7142857142857143,0.05
MNIST,medium,44,10,a3,class_selectivity,loss_free,9,0.7568353702331251,0.6,0.1
MNIST,medium,44,10,a3,class_selectivity,loss_free,9,0.7568353702331251,0.5151515151515151,0.2
MNIST,medium,44,10,a4,class_selectivity,loss_free,9,0.6368131868131868,0.2,0.05
MNIST,medium,44,10,a4,class_selectivity,loss_free,9,0.6368131868131868,0.09090909090909091,0.1
MNIST,medium,44,10,a4,class_selectivity,loss_free,9,0.6368131868131868,0.4117647058823529,0.2
MNIST,medium,44,10,a1,firing_rate,baseline,9,0.6684447485260467,0.6129032258064516,0.05
MNIST,medium,44,10,a1,firing_rate,baseline,9,0.6684447485260467,0.8214285714285714,0.1
MNIST,medium,44,10,a1,firing_rate,baseline,9,0.6684447485260467,0.59375,0.2
MNIST,medium,44,10,a2,firing_rate,baseline,9,0.8059561798546137,0.6,0.05
MNIST,medium,44,10,a2,firing_rate,baseline,9,0.8059561798546137,0.6666666666666666,0.1
MNIST,medium,44,10,a2,firing_rate,baseline,9,0.8059561798546137,0.6451612903225806,0.2
MNIST,medium,44,10,a3,firing_rate,baseline,9,0.899882676132569,0.7142857142857143,0.05
MNIST,medium,44,10,a3,firing_rate,baseline,9,0.899882676132569,0.7142857142857143,0.1
MNIST,medium,44,10,a3,firing_rate,baseline,9,0.899882676132569,0.7241379310344828,0.2
MNIST,medium,44,10,a4,firing_rate,baseline,9,0.898169455742107,1.0,0.05
MNIST,medium,44,10,a4,firing_rate,baseline,9,0.898169455742107,0.7142857142857143,0.1
MNIST,medium,44,10,a4,firing_rate,baseline,9,0.898169455742107,0.7142857142857143,0.2
MNIST,medium,44,10,a1,hebbian,loss_free,9,0.6562388913817431,0.6129032258064516,0.05
MNIST,medium,44,10,a1,hebbian,loss_free,9,0.6562388913817431,0.8214285714285714,0.1
MNIST,medium,44,10,a1,hebbian,loss_free,9,0.6562388913817431,0.59375,0.2
MNIST,medium,44,10,a2,hebbian,loss_free,9,0.7884203279509325,0.7142857142857143,0.05
MNIST,medium,44,10,a2,hebbian,loss_free,9,0.7884203279509325,0.5151515151515151,0.1
MNIST,medium,44,10,a2,hebbian,loss_free,9,0.7884203279509325,0.5,0.2
MNIST,medium,44,10,a3,hebbian,loss_free,9,0.7613450692336087,0.7142857142857143,0.05
MNIST,medium,44,10,a3,hebbian,loss_free,9,0.7613450692336087,0.6,0.1
MNIST,medium,44,10,a3,hebbian,loss_free,9,0.7613450692336087,0.7241379310344828,0.2
MNIST,medium,44,10,a4,hebbian,loss_free,9,0.7708791208791209,0.5,0.05
MNIST,medium,44,10,a4,hebbian,loss_free,9,0.7708791208791209,0.5,0.1
MNIST,medium,44,10,a4,hebbian,loss_free,9,0.7708791208791209,0.6,0.2
MNIST,medium,44,10,a1,mean_activation,baseline,9,0.6425788544765112,0.5625,0.05
MNIST,medium,44,10,a1,mean_activation,baseline,9,0.6425788544765112,0.8545454545454545,0.1
MNIST,medium,44,10,a1,mean_activation,baseline,9,0.6425788544765112,0.59375,0.2
MNIST,medium,44,10,a2,mean_activation,baseline,9,0.7881220606905924,0.7142857142857143,0.05
MNIST,medium,44,10,a2,mean_activation,baseline,9,0.7881220606905924,0.5625,0.1
MNIST,medium,44,10,a2,mean_activation,baseline,9,0.7881220606905924,0.5223880597014925,0.2
MNIST,medium,44,10,a3,mean_activation,baseline,9,0.6842452406365085,0.7142857142857143,0.05
MNIST,medium,44,10,a3,mean_activation,baseline,9,0.6842452406365085,0.7142857142857143,0.1
MNIST,medium,44,10,a3,mean_activation,baseline,9,0.6842452406365085,0.6129032258064516,0.2
MNIST,medium,44,10,a4,mean_activation,baseline,9,0.6998168498168498,0.2,0.05
MNIST,medium,44,10,a4,mean_activation,baseline,9,0.6998168498168498,0.2,0.1
MNIST,medium,44,10,a4,mean_activation,baseline,9,0.6998168498168498,0.4117647058823529,0.2
MNIST,medium,44,10,a1,output_weight_norm,baseline,9,0.9914194912223481,1.0,0.05
MNIST,medium,44,10,a1,output_weight_norm,baseline,9,0.9914194912223481,0.8888888888888888,0.1
MNIST,medium,44,10,a1,output_weight_norm,baseline,9,0.9914194912223481,0.9065420560747663,0.2
MNIST,medium,44,10,a2,output_weight_norm,baseline,9,0.9761894884412909,0.8461538461538461,0.05
MNIST,medium,44,10,a2,output_weight_norm,baseline,9,0.9761894884412909,0.7241379310344828,0.1
MNIST,medium,44,10,a2,output_weight_norm,baseline,9,0.9761894884412909,0.7894736842105263,0.2
MNIST,medium,44,10,a3,output_weight_norm,baseline,9,0.9650991118842703,1.0,0.05
MNIST,medium,44,10,a3,output_weight_norm,baseline,9,0.9650991118842703,0.8461538461538461,0.1
MNIST,medium,44,10,a3,output_weight_norm,baseline,9,0.9650991118842703,0.9230769230769231,0.2
MNIST,medium,44,10,a4,output_weight_norm,baseline,9,0.9761446886446886,1.0,0.05
MNIST,medium,44,10,a4,output_weight_norm,baseline,9,0.9761446886446886,1.0,0.1
MNIST,medium,44,10,a4,output_weight_norm,baseline,9,0.9761446886446886,0.8461538461538461,0.2
MNIST,medium,44,10,a1,redundancy,loss_free,9,0.8672000931498682,0.25,0.05
MNIST,medium,44,10,a1,redundancy,loss_free,9,0.8672000931498682,0.4782608695652174,0.1
MNIST,medium,44,10,a1,redundancy,loss_free,9,0.8672000931498682,0.5692307692307692,0.2
MNIST,medium,44,10,a2,redundancy,loss_free,9,0.8948400212945966,0.4117647058823529,0.05
MNIST,medium,44,10,a2,redundancy,loss_free,9,0.8948400212945966,0.47058823529411764,0.1
MNIST,medium,44,10,a2,redundancy,loss_free,9,0.8948400212945966,0.6721311475409836,0.2
MNIST,medium,44,10,a3,redundancy,loss_free,9,0.8168905258015137,0.5,0.05
MNIST,medium,44,10,a3,redundancy,loss_free,9,0.8168905258015137,0.3333333333333333,0.1
MNIST,medium,44,10,a3,redundancy,loss_free,9,0.8168905258015137,0.42857142857142855,0.2
MNIST,medium,44,10,a4,redundancy,loss_free,9,0.7318584172614465,0.5,0.05
MNIST,medium,44,10,a4,redundancy,loss_free,9,0.7318584172614465,0.2,0.1
MNIST,medium,44,10,a4,redundancy,loss_free,9,0.7318584172614465,0.4117647058823529,0.2
